director,age
"Richard Finn, Tim Maltby",49
,68
Fernando Lebrija,67
Gabe Ibáñez,51
"Rodrigo Toro, Francisco Schultz",66
Henrik Ruben Genz,62
José Miguel Contreras,50
Daniel Alfredson,66
"Munjal Shroff, Tilak Shetty",69
Tilak Shetty,43
Gaspar Noé,44
Tom O'Brien,46
Antoine Bardou-Jacquet,60
Mitch Dickman,58
Brad Anderson,43
Austin Stark,43
Hannah Fidell,46
Madeleine Gavin,50
Sopon Sukdapisit,46
"Kevin R. Adams, Joe Ksander",53
Ian Samuels,51
Franck Ribière,44
Daniele Thompson,69
Anubhav Sinha,42
Maha Venkatesh,66
Tharun Bhascker,41
Şenol Sönmez,58
"Tom Gianas, Ross R. Shuman",60
Rajkumar Hirani,59
"Robert Osman, Nathanael Wiseman",50
Jon Spira,57
Mez Tharatorn,69
Adisorn Tresirikasem,48
Banjong Pisanthanakun,49
"Banjong Pisanthanakun, Paween Purikitpanya, Songyos Sugmakanan, Parkpoom Wongpoom, Visute Poolvoralaks",40
"Banjong Pisanthanakun, Parkpoom Wongpoom",59
Chayanop Boonprakob,41
Susan Johnson,62
Lynn Shelton,56
Farhan Alam,48
Chad Archibald,52
Brian Baugh,69
A. L. Vijay,60
Ryan Coogler,54
Ben Palmer,61
Chris Howe,52
Ken Kwapis,67
Park In-je,68
"Rod Blackhurst, Brian McGinn",66
Jesse V. Johnson,60
Mahsun Kırmızıgül,47
Monique Gardenberg,49
Mike Flanagan,57
Jacob LaMendola,44
Ritesh Batra,59
Dylan Howitt,49
William Lau,68
Mana Yasuda,66
Brian De Palma,44
Rizal Mantovani,48
Han Yan,44
Jeremy Saulnier,42
Kim A. Snyder,41
Raditya Dika,65
Rocky Soraya,46
Sunil Soraya,46
"Álvaro Longoria, Gerardo Olivares",56
Brendan Byrne,41
Gupse Özay,59
Jim Mickle,63
"Jumpei Mizusaki, Koji Morimoto, Michael Arias, Masaru Matsumoto, Arthell Isom, Henry Thurlow, Takanobu Mizuno, Elsa Nakamichi, Hajime Sasaki, Shinji Takagi",40
Chi Fat Chan,54
Nabil Ayouch,67
"Rob LaDuca, Robert C. Ramirez",40
Mangesh Hadawale,47
Wong Kar Wai,64
Rob Cohen,58
Louis J. Horvitz,66
"Linda Saffire, Adam Schlesinger",47
"Luis Lopez, Clay Tweel",63
Otilia Portillo Padua,63
Le Van Kiet,56
"Eric Summer, Éric Warin",61
B. V. Nandini Reddy,53
Mario Van Peebles,67
Ava DuVernay,68
Sonia Lowman,57
Benjamin Turner,58
Michael J. Bassett,61
Troy Miller,59
Tan Bing,55
Warren P. Sonoda,49
Álex de la Iglesia,67
Rahul Ravindran,48
Archie Borders,66
"Bonni Cohen, Jon Shenk",69
Bobcat Goldthwait,57
Deepti Naval,42
Morgan Neville,55
Anthony Byrne,67
Chris Moukarbel,67
Ana Lily Amirpour,47
Alex Winter,46
Kemi Adetiba,52
Toka McBaror,65
Gilles Paquet-Brenner,48
Niyi Akinmolayan,55
"Rashida Jones, Alan Hicks",43
Scott Aukerman,67
Mariano Barroso,63
Amara Cash,40
"Kiko Cruz Claverol, Patricia Font",61
Bedran Güzel,56
Chun Wong,57
"Coerte Voorhees, John Voorhees",45
Samuel D. Pollard,58
Ham Tran,42
Feng Xiaogang,64
Gary Michael Schultz,45
Liv Ullmann,62
Sandeep Reddy Vanga,54
"Jacques Perrin, Jacques Cluzaud",41
"Justin Benson, Aaron Moorhead",66
Michael Bonfiglio,58
Zack Whedon,53
Eric Stoltz,52
Conrad Helten,53
Teo Konuralp,42
Chris Perkel,66
Cheh Chang,44
Manny Rodriguez,63
Robert Eggers,46
Chuck Russell,51
John Erick Dowdle,47
Edgar Wright,67
Tony Elliott,64
Louis C.K.,46
"Jeremy Coon, Tim Skousen",44
Orlando von Einsiedel,63
Tom Donahue,65
Michèle Ohayon,41
Timothy Woodward Jr.,42
Nia Dinata,65
Mark O'Connor,48
Ajithkumar,56
Lucky Kuswandi,59
Riri Riza,51
Vijay Milton,57
Susannah Heath-Eves,57
Santwana Bardoloi,52
Atanu Ghosh,44
Amitava Bhattacharya,50
Partha Chakraborty,43
"Raffi Ahmad, Arie Azis",46
Angelina Jolie,48
Pavel Parkhomenko,50
Azfar Jafri,62
R. Ellis Frazier,42
Yance Ford,63
Mark Tonderai,46
"Roman Atwood, Ben Pluimer",45
Dan Forrer,56
"Kip Andersen, Keegan Kuhn",66
Randall Lobb,58
Stacie Passon,64
Manop Janjarasskul,59
Shinsuke Sato,60
"Chatchai Katenut, Manussa Vorasingha, Tanwarin Sukkhapisit, Poj Arnon",69
Ariel Vromen,66
Nicole Holofcener,52
Jerry G. Angelo,65
Michael Feifer,45
Elle Callahan,63
Alex Stapleton,42
Kıvanç Baruönü,61
Teng Huatao,56
Nzingha Stewart,48
"Mark Dennis, Ben Foster",43
Ben Wallis,45
Dan Krauss,65
David Soren,68
Alessio Cremonini,67
Elaine McMillion Sheldon,66
Michael Simon,60
Joram Lürsen,51
Oliver Frampton,68
Mike Binder,43
Ryan Murphy,68
"Mark Franchetti, Andrew Meier",42
Damián Romay,65
Trent Haaga,47
Mary Harron,42
Roger Donaldson,45
Petra Costa,53
Steven C. Miller,51
Richard Miron,68
Tony Leondis,56
Roger Kumble,53
Kunle Afolayan,41
Craig Gillespie,53
Nick Cassavetes,57
Clint Eastwood,57
"Petra Costa, Lea Glob",45
"Roger Allers, Jill Culton",55
Wolfgang Petersen,46
Jonathan Demme,57
Bernie Denk,41
Ivan Reitman,40
Greg Mottola,59
Alejandro Agresti,50
Daniel Stamm,66
Phillip Noyce,45
Tony Scott,50
Ahmed Zain,63
Mohamed Hamdy,54
Dennis Dugan,54
Peter Ho,43
Jordi Llompart,64
Rian Johnson,47
Olivier Marchal,60
Dennis Iliadis,47
Qaushiq Mukherjee,61
Sudip Bandyopadhyay,65
Onir,67
Jatla Siddartha,67
Kanwal Sethi,61
Alfonso Cuarón,69
Samuel Jouy,65
Akiva Goldsman,47
Damien Leone,57
Karen Moncrieff,49
Jean-Pierre Devillers,41
Sophon Sakdaphisit,51
Curtis Hanson,54
Young Jun Lee,43
Rajiv Mehra,68
Toshiyuki Kubooka,64
Todd S. Yellin,45
"Jesse Adang, Syrine Boulanouar",43
Elizabeth Chai Vasarhelyi,68
Toshiya Shinohara,55
Mohammed Hussain,45
Eli Craig,44
Parambrata Chatterjee,46
Shammi Kapoor,46
Umesh Mehra,40
Masahiko Murata,68
Hirotsugu Kawasaki,63
Toshiyuki Tsuru,60
Tensai Okamura,57
Florian Schnell,59
"Josh Izenberg, Wynn Padula",55
"Thierry Demaizière, Alban Teurlai",41
Spike Lee,67
"Latif Faiziyev, Umesh Mehra",66
"Gastón Duprat, Mariano Cohn",69
Bette Gordon,45
Gary Wang,52
Raz Degan,62
Israel Adrián Caetano,69
"Mariano Cohn, Gastón Duprat",59
Drew Stone,63
Jelle de Jonge,45
Afia Nathaniel,63
Luke Jurevicius,60
Sean Cisterna,68
Will Allen,57
Nacho G. Velilla,66
David Serrano,66
Jay Chapman,69
Jenny Gage,52
Kaila York,59
Ifa Isfansyah,50
Stan Lathan,40
Angga Dwimas Sasongko,48
Evgeny Afineevsky,66
Ryan Polito,56
Kabir Bhatia,59
Russell Crowe,54
Andrew Sandler,52
Dave Higby,45
Richie Smyth,42
Andibachtiar Yusuf,62
Dustin Nguyen,60
Chris Eigeman,58
Stanley Tong,56
David France,50
Vandana Kataria,48
Olaf de Fleur,41
Tamara Jenkins,55
Onur Bilgetay,67
Vincenzo Natali,69
Tugçe Soysop,69
"Jacob Joice, Steve Ball",51
Craig Goodwill,52
Mickey Liddell,49
Michael D. Black,43
Juani Libonatti,65
DJ Chen,61
Dani de la Torre,40
Jerrold Tarog,42
Judah Friedlander,65
Errol Morris,46
Oliver Blackburn,51
Park Joon-hwa,62
Saravana Rajendran,46
"Jitendra Tiwari, Pranav Singh",46
Vivek Wagh,63
Alex Israel,64
Lee Fulkerson,63
Joe Camp,59
Kavi Raz,67
Nick Simon,53
Don Mancini,62
Brandon Jones,41
Alain Desrochers,56
Brian Volk-Weiss,43
Deniz Gamze Ergüven,65
Robert Vince,40
Everardo González,55
Matt Kay,50
Drake Doremus,58
Osgood Perkins,57
Werner Herzog,68
Julien Rambaldi,69
Yvan Attal,67
Benjamin Weill,46
"Scott Hussion, Seth Fuller",56
Wilson Yip,45
Griffin Dunne,56
Roger Gual,44
J. Davis,44
Rob Smat,56
Tinge Krishnan,57
Aleksey German,62
Eric Zaragosa,61
Sergio Barrejón,40
Sandi Tan,63
Vijay Yelakanti,48
Katherine Dieckmann,44
Natalie Portman,43
John Murlowski,47
Ozan Açıktan,58
Craig Brewer,46
Billy Lyons,50
Michael Steed,41
Zak Hilditch,62
Michael Steiner,60
Vlad Yudin,59
"Paul Berczeller, Mark Radice",66
Quentin Tarantino,51
"Chris Buck, Jennifer Lee, Patrick Osborne, Lauren MacMullan, John Kahrs, Nathan Greno, Byron Howard, Stevie Wermers, Dean Wellins, Kevin Deters, Roger Allers, Mike Gabriel, Mark Henn",44
Andrew Slater,45
"Glen Goei, Gavin Yap",56
S.S. Rajamouli,47
Brian Klein,59
"Katy Chevigny, Ross Kauffman",58
Sarik Andreasyan,52
Huw Cordey,63
Yuen Woo-ping,54
Steve Brill,58
Don Michael Paul,61
Noah Baumbach,52
Jonathan Mostow,45
Brett Haley,56
Gillian Robespierre,49
Tobe Hooper,47
Daniel Benmayor,57
Abu Bakr Shawky,45
"Jedd Wider, Todd Wider",56
Nagesh Kukunoor,57
Priyadarshan,69
Raj Kanwar,64
Pooja Bhatt,41
Satish Kaushik,41
Nikhil Advani,57
Anees Bazmee,60
Andrew Bujalski,49
Ben Wheatley,62
Anthony Giordano,57
Wyatt Cenac,45
"Joanna Lombardi, Bruno Ascenzo",52
David Batty,67
Jennifer Siebel Newsom,42
"Heidi Ewing, Rachel Grady",68
Jeremy Rush,56
Luis Javier Henaine,55
Anand Kamalakar,48
"Eric Idle, Aubrey Powell",60
Will Yapp,63
Eric Idle,53
"Terry Hughes, Ian MacNaughton",42
"Roger Graef, James Rogan",67
Terry Jones,52
Ian MacNaughton,55
Albert Sharpe,58
Leslye Headland,64
Jay Karas,61
Prakash Satam,51
Barry Sonnenfeld,59
Omoni Oboli,46
Thomas Vinterberg,43
Marcos Bucay,58
Peter Lepeniotis,64
Kim Jee-woon,62
Rajesh Touchriver,62
David Lam,52
Timo Tjahjanto,45
Reem Kherici,56
Adze Ugah,66
Steve Gukas,51
Ciarán Foy,46
Frank Rajah Arase,59
Yılmaz Erdoğan,56
Tope Oshin,42
Daniel Sánchez Arévalo,66
Don Omope,41
Ed Perkins,48
Steven Soderbergh,41
Udai Singh Pawar,53
Guntur Soeharjanto,55
Thiru,69
Federico Lemos,50
Harald Zwart,64
Bruce McDonald,62
Bassam Tariq,56
Leslie Iwerks,57
Kim Joo-hyung,66
Louie Psihoyos,40
Tom Forrest,62
Milan Luthria,63
John Crowley,60
Ranjit Tiwari,52
Tom Fassaert,61
Adam Dubin,57
Cary Joji Fukunaga,67
"Aaron Hann, Mario Miscione",62
Ahmet Katıksız,52
Alexandros Avranas,42
Anindya Chatterjee,62
Anik Datta,50
Ishaan Trivedi,49
Biswajeet Bora,68
Sohail Tatari,56
David Stubbs,53
Madhur Bhandarkar,52
Parveen Kumar,61
Matías Gueilburt,45
Ananth Narayan Mahadevan,41
Ah Loong,40
Girish Malik,47
Debaloy Dey,49
Martin Rosete,41
Jasmine D'Souza,63
Ben C. Lucas,43
Rohit Jugraj,46
Shakti Samanta,64
Raj B. Shetty,52
Navneet Behal,58
Sukhbir Singh,58
Naresh Saigal,49
Ram Gopal Varma,40
Dhruv Dhawan,59
Thomas Sorriaux,44
Noriyuki Abe,69
Clovis Cornillac,42
Hajime Kamegaki,60
Jean-François Blais,61
Derek Hui,46
Kevin MacDonald,48
Stefano Sollima,56
"Leïla Sy, Kery James",52
Shaad Ali,62
Mahmoud al Massad,57
Yesim Ustaoglu,56
Jan Suter,51
Lucy Cohen,41
McG,65
Christopher Guest,47
Gareth Evans,51
Paul Urkijo Alijo,65
Johanna Demetrakas,53
Padraic McKinley,48
Kief Davidson,66
Sara Colangelo,62
Mahmoud Sabbagh,54
Borja Cobeaga,47
Leo Riley,47
Hakan Algül,59
Vince Gilligan,62
Bolanle Austen-Peters,57
Sion Sono,49
Dennis Rovira van Boekholt,46
Mohamed Diab,41
Naoto Amazutsumi,44
Paul Greengrass,54
"Rusty Cundieff, Darin Scott",69
Alastair Fothergill,45
James Yukich,64
Maciej Dejczer,42
Rusty Nixon,57
Lee Tamahori,42
Richard Rich,69
Michael Bay,49
Ted Demme,42
Bernard Rose,53
Lee Yoon-jung,65
Paul Haggis,64
Dave Green,48
Wojciech Marczewski,49
Andrzej Bartkowiak,44
Roy Poortmans,59
Brian Robbins,66
Mark Helfrich,42
"Jon Hurwitz, Hayden Schlossberg",58
Bille Woodruff,46
Janusz Majewski,54
Alex Merkin,55
Alex Proyas,40
Vrinda Samartha,60
Jacek Koprowicz,60
Nicholaus Goossen,57
Scott Hicks,54
Morgan Spurlock,41
Martin Scorsese,54
"Stig Bergqvist, Paul Demeyer",53
Wes Craven,44
Asif Kapadia,56
"Robert Rodriguez, Frank Miller",58
Dorian Fernández-Moris,63
Jeannot Szwarc,42
Bryan Singer,58
"Ash Brannon, Chris Buck",54
Andy Tennant,63
Rob Reiner,60
Marek Piwowski,61
Brian Levant,44
Stanisław Różewicz,40
Gabriele Muccino,53
"Igor Kovalyov, Norton Virgien",64
Krzysztof Zanussi,67
Robert Schwentke,68
Danny Boyle,48
Paul Feig,52
"Alex Smith, Andrew J. Smith",65
Antoni Krauze,61
Simranjit Singh Hundal,66
Justin G. Dyck,66
N. Linguswamy,45
Deep Joshi,57
Antoine Fuqua,47
John Curran,46
Rakeysh Omprakash Mehra,58
Anurag Kashyap,51
Manjeet Maan,46
Shagufta Rafique,57
Shakun Batra,42
Andrew Renzi,66
Tinu Pappachan,53
Amitoj Mann,68
Amarpreet G S Chabbra,43
Paresh Mokashi,61
Anurag Basu,55
Ashutosh Gowariker,59
Atharv Baluja,55
Vishal Bhardwaj,55
"Leslie Small, Tim Story",60
Shannon Hartman,58
Shashanka Ghosh,62
Steve Greenwood,63
Puneet Sira,57
Aziz Mirza,55
Renzil D'Silva,47
Smeep Kang,42
Sameer Sharma,50
Chandan Arora,44
Baljit Singh Deo,53
Jennifer Peedom,45
Mysskin,46
Rajan Madhav,59
Raaghav Dar,55
Ishi Rudell,56
David Lee Miller,53
Amit Saxena,61
Pankaj Batra,65
Jaivi Dhanda,42
Suman Ghosh,41
Kabir Khan,55
Akshay Akkineni,54
Nidhi Sharma,59
"Mastan Alibhai Burmawalla, Abbas Alibhai Burmawalla",56
"Abbas Alibhai Burmawalla, Mastan Alibhai Burmawalla",49
Vipin Parashar,63
Vikram Pradhan,60
Vijay,61
Eduardo Chauvet,56
Sundar C.,66
Sartaj Singh Pannu,54
Vikramaditya Motwane,69
James McTeigue,44
Ayaan Mukherji,41
Sidharth Malhotra,51
Saket Behl,61
Kevin Smith,63
Anjum Shahzad,63
Geun-hyun Cho,63
"Christian Desmares, Franck Ekinci",66
Kyran Kelly,60
Adam Wood,47
Zeke Norton,65
Karen J. Lloyd,60
"Andrew Tan, Michael Goguen",48
Ezekiel Norton,57
"Conrad Helten, Ezekiel Norton, Michael Goguen",42
Alê Abreu,66
Carlos Therón,66
Francesco Carrozzini,59
"Benjamin Turner, Gabe Turner",56
Steve Race,66
Brett Harvey,49
"Roger Allers, Gaëtan Brizzi, Paul Brizzi, Joan C. Gratz, Mohammed Saeed Harib, Tomm Moore, Nina Paley, Bill Plympton, Joann Sfar, Michael Socha",40
Keiichi Hara,41
"Audu Paden, Eric Radomski",59
Claude Barras,68
"Jean-Loup Felicioli, Alain Gagnol",53
Toa Fraser,63
Vibeke Idsøe,43
Chan-sang Lim,66
Kyoko Miyake,56
"Carlos Algara, Alejandro Martinez-Beltran",46
"Stephen Donnelly, Olly Reid, Jun Falkenstein",45
Mikhil Musale,64
Riccardo Pilizzeri,66
Guilherme Fontes,65
Aamir Bashir,45
Alejandro Fernández Almendras,52
David Schalko,59
Pieter Kuijpers,55
Prashant Nair,47
"Paul Taublieb, Jon Freeman",51
Riccardo Milani,47
Larry Elikann,59
Robert Markowitz,65
Eric Laneuville,42
Joel Oliansky,45
Roy Campanella II,62
Arthur Allan Seidelman,43
John Herzfeld,67
Buzz Kulik,68
Richard Michaels,53
Linda Otto,63
Roger Young,57
Vincent Kok,51
Fellipe Barbosa,69
Christian Zübert,65
David Mackenzie,61
"David Palmer, Dax Shepard",45
Luke Snellin,51
Xavier Durringer,41
Jack C. Newell,49
"Cecilia Atán, Valeria Pivato",55
Gus Van Sant,41
Saratswadee Wongsomphet,57
Kirati Nakintanon,48
Antongiulio Panizzi,47
Pawan Kumar,56
Patricia Rozema,69
Trey Edward Shults,53
Christian Charles,53
Bronwen Hughes,47
Phillip Youmans,56
Zhang Yimou,52
John Ridley,65
Lucas Margutti,56
Neal Brennan,61
Azazel Jacobs,69
Jung Ji-woo,56
Leslie Small,45
Tejas Prabha Vijay Deoskar,54
Jim Fall,54
Marita Grabiak,64
Jason Priestley,40
Neill Blomkamp,63
Matt D'Avella,42
Parthiban,48
Morgan Matthews,64
Marcus Raboy,63
"Kief Davidson, Richard Ladkani",66
"Luis Ara, Ignacio Jaunsolo",66
Abhishek Sharma,61
John Schultz,49
Damien O’Connor,40
"Joseduardo Giordano, Sergio Goyri Jr.",48
Rudy Soedjarwo,46
Alice Rohrwacher,64
"Kabir Bhatia, Titien Wattimena",65
Nandita Das,43
Leena Yadav,62
Romain Gavras,47
Sebastián Hofmann,49
"Heidi Brandenburg, Mathew Orzel",61
John Luessenhop,66
Mike Disa,51
Pali Yahya,63
Mati Diop,40
Moses Inwang,63
Jérémy Clapin,52
Mandla Dube,64
Mike Ezuruonye,53
Cheta Chukwu,61
Roger Russell,49
Frank Oz,65
Lu Yang,63
Edward Zwick,56
Basava Shankar Eeday,62
"Elle-Máijá Tailfeathers, Kathleen Hepburn",40
Dante Lam,54
Shreyas Talpade,67
Seth Barrish,47
Steve Ball,46
Sanjiv Jaiswal,49
"Marta Jaenes, Rosa Márquez",52
Daniel Raim,65
"Denny Lu, Mike Myhre",52
Luis Ara,61
María Jose Cuevas,56
Oz Rodriguez,68
"Aleksandr Chernyaev, Fedor Lyass",57
Robert Altman,40
Ric Roman Waugh,57
"Cary Murnion, Jonathan Milott",67
Jon Alpert,67
Ibai Abad,62
"Charles A. Nichols, Iwao Takamoto",67
David Ayer,54
John Irvin,55
Simon Wells,63
Julio Soto Gurpide,44
Julien Abraham,54
Tsutomu Mizushima,40
"Nate Adams, Adam Carolla",59
Clay Kaytis,57
"Barbra Streisand, Jim Gable",65
"Qaushiq Mukherjee, Nikon",57
Chris Sparling,62
Kathryn Bigelow,51
Monika Mitchell,51
"Noah Baumbach, Jake Paltrow",54
Fernando Colomo,40
Josh Wakely,69
Jacob Kornbluth,65
Jon Gunn,53
"Jan Suter, Raúl Campos Delgado",60
Anne Fontaine,47
Joshua Caldwell,45
Mike Judge,42
Bruce W. Smith,69
Eva Orner,60
"Àlex Pastor, David Pastor",61
KVR Mahendra,68
Andrew Jenks,60
John Schlesinger,69
Akiva Schaffer,59
Juan Carlos Rulfo,66
Christian Ditter,50
Raj R,45
Sergio Leone,45
Jim Field Smith,47
Bruce McCulloch,64
Steven Spielberg,58
William Brent Bell,69
Hugh WIlson,60
Sam Raimi,40
Robert Aldrich,46
Marco Schnabel,58
Francis Ford Coppola,48
Lasse Hallström,40
Oliver Stone,53
Jason Reitman,42
Raja Gosnell,51
David Fincher,53
David Paul Meyer,69
Savage Steve Holland,44
Troy Nixey,68
Scott McAboy,45
"Raymie Muzquiz, Stu Livingston",60
Stephen Herek,51
Joe Menendez,52
Vince Marcello,61
David R. Ellis,63
Eric Bross,58
Will Eisenberg,64
Matheus Souza,64
Sara Dosa,62
Bradley Walsh,44
Orson Welles,54
Benjamin Ross,58
Stephen Hopkins,46
Steve Paley,52
"Shannon Hartman, Michelle Caputo",64
Na Hyeon,55
Jerry Seinfeld,45
Houda Benyamina,53
"Jerry Rothwell, Reuben Atlas",66
Kristin Hanggi,48
Joe Dante,66
Alex Zamm,47
Chris Smith,40
Dee Rees,67
Glenn Miller,66
Nicolas Winding Refn,68
Timo Vuorensola,46
Robb Dipple,63
Sarah Gavron,53
Eli Roth,55
Daniel Goldhaber,43
Asri Bendacha,51
Fred Cavayé,42
"Joel Coen, Ethan Coen",48
Shane Acker,48
Wash Westmoreland,54
Alessandro Angulo,45
Mauro Scandolari,52
Arjun Jandyala,42
"Shashanka Ghosh, Samit Basu",46
Naoko Yamada,41
Sergio Pablos,56
Anand Tucker,68
Valli Bindana,65
Makoto Shinkai,51
V C Abhilash,42
Nila Madhab Panda,65
Sameer Vidwans,57
Nakul Singh Sawhney,51
"Nishanth Ravindaran, Jathin Sanker Raj",40
"Bill Guttentag, Michael Ware",62
Gajendra Ahire,55
Swapna Waghmare Joshi,54
Raymond McGrath,53
"Adele K. Thomas, Richard Bailey",44
Richard Bailey,46
Julien Leclercq,67
"Aitor Arregi, Jon Garaño",67
Remo D'Souza,57
"Radhika Rao, Vinay Sapru",48
Volker Weicker,66
Manjeet Singh,51
Nick Mead,52
Gautier & Leduc,57
Lance Bangs,66
Matt Piedmont,66
Erik Matti,44
John Scheinfeld,41
Rhys Thomas,55
Christopher Storer,46
"Jennifer Baichwal, Nicholas de Pencier",54
Tom Ford,40
J.M. Berrios,53
Josh Aronson,55
Estela Renner,58
Jeff Wadlow,64
Laurent Cantet,50
"Raúl Campos, Jan Suter",65
Natalia Valdebenito,68
Marcelo Galvão,48
Lorene Machado,45
Richard Donner,48
Kevin Reynolds,69
Marina Seresesky,47
Tony Kaye,60
Kenny Leon,59
Peter Segal,44
"David Salzberg, Christian Tureaud",51
Daniel Mann,53
Richard Brooks,64
Michael Kampa,62
Harvey Lowry,67
James Dearden,43
Jack Starrett,41
Les Mayfield,61
David Lean,43
Tarun Mansukhani,43
Jennifer Westcott,62
Robert Clouse,65
Valeria Golino,47
Stuart Baird,63
Gregory Hoblit,42
Terry Gilliam,56
"Drea Cooper, Zackary Canepari",58
Fred M. Wilcox,64
David Silberg,59
"Vincente Minnelli, Charles Walters",54
Mathieu Kassovitz,41
Randal Kleiser,57
Ernie Barbarash,52
Michael A. Nickles,55
Ken Marino,56
Lionel C. Martin,58
Joe Boyd,42
Jeffrey W. Byrd,60
Scott Stewart,61
Alfonso Arau,46
Ellen Weissbrod,61
Michael Anderson,60
Stanley Kubrick,48
Theodore Witcher,41
"Callie Khouri, Jesse V. Johnson",42
Brett Ratner,58
Gil Kenan,46
"Lewis Milestone, Carol Reed",62
Jared Hess,65
Gene Quintano,56
Lewis Milestone,54
Charles Stone III,40
Nicholas Ray,57
Sam Mendes,58
Roman Polanski,57
John Dahl,55
Blayne Weaver,60
Billy Bob Thornton,49
Sam O'Steen,58
"David Fairhead, Anthony Palmer",55
Adam McKay,62
Gordon Parks,41
Neil Jordan,48
John Stephenson,52
Norman Jewison,57
Manolo Caro,48
David Michôd,55
Marco Bonfanti,57
"Lilly Wachowski, Lana Wachowski",56
Alan J. Pakula,61
Kevin Donovan,52
Charlotte Zwerin,52
Pete Travis,59
Nick Moore,57
"Rodrigo Guardiola, Gabriel Cruz Rivas",56
Ruben Fleischer,48
Neeraj Pandey,47
Indrajit Nattoji,68
Raj Kumar Gupta,47
Arnab Chaudhuri,55
Rana Ranbir,66
David Zucker,45
Momoko Kamiya,45
Harry Baweja,42
Ken Ghosh,68
"Priyadarshan, Kookie V. Gulati",57
Vivek Agnihotri,41
Umesh Shukla,54
Habib Faisal,52
Bobby Roth,59
Halder Gomes,47
Tony Zierra,65
B. Unnikrishnan,46
Sajid Khan,66
Saji Surendran,68
Ksshitij Chaudhary,58
Abhishek Kapoor,59
Gary Binkow,69
Chad Hartigan,46
Nishikant Kamat,59
Navinder Pal Singh,42
Dibakar Banerjee,50
Tigmanshu Dhulia,44
Kunal Deshmukh,57
Prakash Jha,51
R. Kannan,40
Gaurav Narayanan,45
Kevin Layne,63
Jon J. Whelan,54
Leanne Gater,61
Jennifer M. Kroot,60
Jay Russell,51
Wally Pfister,61
Akin Omotoso,67
Shyam Benegal,46
Satyajit Bhatkal,56
Bharat Jain,47
Alo Sarkar,45
Rajeev Chaudhari,51
Vishal Mishra,54
Iñaki Dorronsoro,59
Takuya Inaba,48
"Ali Bin Matar, Ibrahim Bin Mohamed",41
Daniel Ablin,52
Buta Singh,54
Jami,66
Ali Samadi Ahadi,69
Anurag Singh,67
Ashok Nanda,61
Navaniat Singh,62
Shweta Basu Prasad,49
D Ho,46
Jitender Pawar,51
Erik Canuel,42
Param Gill,68
Jack Zagha Kababie,61
Richard Mears,69
Moto Sakakibara,59
Emilio Martínez Lázaro,67
Craig Monahan,51
Gillian Armstrong,45
"Jon Reiner, Brad Rothschild",57
John Duigan,44
Mu Chu,64
Henry Sarwer-Foner,60
"Will Lovelace, Dylan Southern",61
Jim Monaco,64
Sherif Ismail,55
Dava Whisenant,49
Yen Cheng-kuo,53
James Wan,58
Karim El Sobky,58
Mohamed Samy,43
Sameh Abdulaziz,44
Husam El-Gohari,41
Liz Plonka,45
Sam Patton,53
Rupert Jones,45
Sonia Kennebeck,50
David Pablos,51
Maya Gallus,56
"Cavi Borges, Luciano Vidigal",57
Dani Levy,50
Alma Har'el,59
"Alex Parkinson, Richard da Costa",49
Kevin Peeples,45
Frant Gwo,52
Harrison Smith,62
Sonny Mallhi,47
Jeff Garlin,60
"Jan Suter, Raúl Campos",61
Michael Barnett,69
Andrew Nackman,45
Ole Bornedal,49
Andrew Niccol,66
Isabelle Nanty,47
"Rob Epstein, Jeffrey Friedman",54
Antonio Morabito,41
Rene Bueno,47
John Woo,42
Nicolás López,68
Patricia Ferreira,62
Nahnatchka Khan,50
Sachin Yardi,67
Partho Mitra,47
Santram Varma,58
Paul Spurrier,68
Han Han,59
Pawan Kripalani,63
Bhushan Patel,49
"Raj Nidimoru, Krishna D.K.",59
Alexandra Dean,63
Cosima Spender,65
Simon Curtis,43
Jang Jae-hyun,43
Charlie McDowell,58
Liam Lynch,62
Hao Wu,48
Felipe Cano,59
Gabriela Tagliavini,63
Joe Berlinger,46
Ismail Farouk,40
Lee Jeong-beom,67
William Bindley,65
Fernando Ayllón,50
Maya Zinshtein,57
"Jill Bauer, Ronna Gradus",40
Justin McConnell,68
"Lasse Hallström, Joe Johnston",45
Bryce Wagoner,42
Steven Brill,47
Kim Sung-hoon,60
Norberto López Amado,62
Mary Mazzio,57
Joe Piscatella,68
Rahul Dholakia,48
Mark Craig,45
Ketan Mehta,46
Alex Richanbach,57
Christopher Smith,48
Nadia Hallgren,57
Sudabeh Mortezai,41
Richard Shepard,62
Matthew Cooke,63
"Mike Diva, Akiva Schaffer",50
Jean-Patrick Benes,51
Trisha Ziff,68
Vasan Bala,58
Tig Notaro,51
John Bridcut,41
Mike Fleiss,69
Barry Jenkins,47
Linda Mendoza,42
Aanand Rai,40
Sharon Grimberg,46
Akram Farouk,48
Christel Gibson,66
Andrew Stanton,47
Manav Shah,58
Jimmy Henderson,55
Jessica Yu,63
Kim Nguyen,46
Max Martini,52
"Ian Nelms, Eshom Nelms",40
Hiroyuki Seshita,42
"Lygia Barbosa da Silva, Eliane Brum",48
Ken Kushner,57
"Yolanda Ramke, Ben Howling",48
Kagiso Lediga,69
Diego Enrique Osorno,69
Hernán Zin,67
Arthur Muhammad,58
Pedring A. Lopez,69
Sam Cullman,58
Francesco Imperato,60
Stefon Bristol,41
Brit McAdams,50
Steve Loter,57
Icíar Bollaín,48
Kate Melville,61
Aditya Vikram Sengupta,57
David Dhawan,55
Neil Burger,61
Apoorva Lakhia,59
Mandie Fletcher,55
Michael Dowse,50
Vipul Amrutlal Shah,68
Rajkumar Santoshi,40
Mercedes Cordova,63
Antonio Campos,41
Derek Cianfrance,59
"Meenu Gaur, Farjad Nabi",53
Matthew Hope,69
Asim Abbasi,55
Saurabh Kabra,59
Aijaz Khan,46
Anil V. Kumar,44
Sangeeth Sivan,69
Umesh Ghadge,46
Midhun Manuel Thomas,67
Umer Adil,47
Hayao Miyazaki,42
Robert Kenner,48
Kundan Shah,51
So Yong Kim,40
Alina Teodorescu,45
Filip Renc,61
"Femi Oyeniran, Kalvadour Peterson",65
"David Morris, Jacqui Morris",61
Gonzalo López-Gallego,69
Abby Epstein,57
Tim Maltby,67
Hepi Mita,40
"Anthony Abrams, Adam Larson Broder",52
"Dylan Bank, Daniel DiMauro, Morgan Pehme",41
Sean Foley,66
Pierre Coré,66
Che Sandoval,58
Jean-Bernard Marlin,62
Yee Tung-Shing,66
"Trey Borzillieri, Barbara Schroeder",67
Rajiv Chilaka,61
"Sidheswar Shukla, Asit Mohapatra",51
"Asit Mohapatra, Shyamal Chaulia",66
"Shyamal Chaulia, Asit Mohapatra",65
Patricia Font,65
Amy Poehler,40
Sachin Kundalkar,64
Puri Jagannadh,40
Krish,66
Shoojit Sircar,51
Ribhu Dasgupta,57
Geoff Anderson,45
Federico Veiroj,53
Mark Zwonitzer,51
Bo Welch,61
"Sedat Kirtan, Kubilay Sarikaya",67
Stacia Crawford,68
Michael Epstein,52
Sudipto Roy,50
Frédéric Tonolli,69
Rachel Lears,63
Emmanuel Amara,42
Syamsul Yusof,69
Nicholas Winter,66
Bong Joon Ho,66
Mangesh Kanthale,56
Kevin Munroe,55
"Frank Oz, Jim Henson",66
Gary Young,47
Nicanor Loreti,40
Simon Napier-Bell,43
Devashish Makhija,55
Amal Neerad,57
"Fluvio Iannuci, Roly Santos",47
Julius R. Nasso,46
Lucas Figueroa,40
Francis Lee,53
Shanker Raman,49
Rakshith Thirthahalli,61
C. Fitz,65
Alex Timbers,45
"Damien Piscarel, Florent Bodin",52
Saandeep Patel,68
Arun Vaidyanathan,61
Pradip Kurbah,50
Alfonso Rodríguez,50
"Guillermo Garcia, David Cantolla",40
Makarand Mane,59
Pierfrancesco Diliberto,43
Sean Menard,47
Dito Montiel,61
Vicente Villanueva,60
Anu Menon,66
Adrian Murray,57
Andy Goddard,64
K. Rajagopal,45
Supavitra Babul,41
"Zoya Akhtar, Dibakar Banerjee, Karan Johar, Anurag Kashyap",42
Anthony D'Souza,57
Soumendra Padhi,57
Mahesh Bhatt,47
"Ken Burns, Artemis Joukowsky",63
Fuwad Khan,62
Mike Birbiglia,63
Praveen Nischol,47
Dylan Mohan Gray,56
Kabir Sadanand,58
"Shinji Aramaki, Mamoru Oshii, Hideki Futamura, Toshiyuki Kanno, Tomoki Kyoda, Koichi Mashimo, Yasushi Muraki, Daisuke Nishio, Frank O'Connor, Koji Sawai, Joseph Chou, Hiroshi Yamazaki",55
"Justin Bare, Matthew Miele",63
Lucien Jean-Baptiste,58
Jalil Lespert,57
Sudhir Mishra,56
Edward Cotterill,69
Sudhanshu Saria,49
Sarah Moshman,57
Omung Kumar,63
"Bob Hercules, Rita Coburn Whack",46
Munish Bhardwaj,55
Dilip Mehta,41
Satish Rajwade,56
Devika Bhagat,66
Luv Ranjan,49
Vikas Bahl,45
Dharmesh Darshan,46
"Kireet Khurana, Padmakumar Narasimhamurthy",66
Bejoy Nambiar,62
"Isaki Lacuesta, Isa Campo",47
Gurmmeet Singh,67
Nathan Landeg,64
Fernando González Molina,42
"Yann Arthus-Bertrand, Michael Pitiot",55
Kazuya Murata,63
Mina Shum,69
Martin Zandvliet,43
Stephen Belber,41
Tony Stone,53
Cosmo Feilding-Mellen,65
Peter Foott,45
Raam Reddy,40
Majid Al Ansari,41
Woody Allen,68
"Ibrahim Bin Mohamed, Hasan Aljaberi",43
Clark Johnson,45
Emmanuel Mouret,64
Robert Rodriguez,66
Robin Swicord,49
Conor Allyn,58
Uraaz Bahl,66
Frank Coraci,64
John Patrick Shanley,42
Haifaa Al-Mansour,46
Wenn V. Deramas,60
Olivia M. Lamasan,67
Antoinette Jadaone,67
Nuel Naval,66
"Paul Solet, Rick Benattar",47
Amy Schumer,46
Ian Kirby,40
Sean McNamara,54
Justin Chon,55
Aziz Ansari,53
David Sampliner,45
Adam Shankman,43
Chito S. Roño,47
Marc Forster,68
Keoni Waxman,65
Benny Fine,68
Mae Czarina Cruz,64
Paul Soriano,59
Ruel S. Bayani,69
"Peter Mortimer, Josh Lowell",54
Greg Coolidge,63
Iginio Straffi,61
Owen Egerton,53
"Sam ""Blitz"" Bazawule",66
"Norm Hiscock, Gary Howsam, Mike Smith, John Paul Tremblay, Robb Wells",46
Joe Miale,68
Dheeraj Berry,51
Richard Sears,67
Nirpal Bhogal,41
Laurent Bouzereau,40
Brett Whitcomb,43
Lucy van Beek,54
"Frank Capra, Joris Ivens",50
John Huston,51
Jakob Verbruggen,40
George Stevens,61
Frank Capra,62
John Ford,69
Michael Samuels,64
William Wyler,66
Stuart Heisler,52
"William Wyler, John Sturges",46
"Frank Capra, John Huston, Hugh Stewart, Roy Boulting, Anthony Veiller",50
"Frank Capra, Anatole Litvak",62
"Micah Bickham, Galley Molina",57
Stuart Orme,64
Olivia Newman,58
Jared Stern,57
Yang Lei,51
Lennart Ruff,47
Mike Clattenburg,64
Adam MacDonald,44
Saurav Palodhi,43
Shawn Crahan,59
Michael Whitton,62
Steve Carr,56
Swapnaneel Jayakar,56
Kyzza Terrazas,68
Miguel Conde,69
Philippe Falardeau,64
John Lee Hancock,67
Theo Love,55
Bart Freundlich,68
Awi Suryadi,68
Hanung Bramantyo,40
Óskar Thór Axelsson,63
Dan Lucchesi,57
Vishal Mahadkar,58
Mikhail Red,61
Raj Babu,52
Rodolphe Guenoden,62
Javier Ruiz Caldera,42
"Dan Fraga, William Lau",56
Marina Willer,49
Diego Pignataro,47
Meghan O'Hara,60
Tommy O'Haver,45
Douglas McGrath,51
"Chanon Yingyong, Phuwanit Pholdee",48
Kyle Newacheck,57
Mijke de Jong,49
Jorge Granier,60
Daryl Hannah,56
Michael Larnell,57
Advait Chandan,51
Abel Ferrara,66
Oriol Paulo,65
Stuart Sender,45
Jeff Tremaine,68
Paul Dugdale,52
Joyce Bernal,44
Jason Paul Laxamana,52
Maryo J. De los Reyes,55
Theodore Boborol,57
Gavin Fitzgerald,47
Juan Zapata,40
Gianfranco Rosi,54
Oliver Daly,61
"Karan Shivajirao Chavan, Vikram Tanajirao Patil",48
Melinda Janko,42
Tanuj Bhramar,41
Isao Yukisada,53
A.R. Murugadoss,60
Faraz Haider,59
Fritz Ofner,64
Mozez Singh,66
Robin Aubert,47
Brendan Toller,50
Kristian Levring,60
"Mark Helenowski, Kevin Pang",44
Jonathan Ignatius Green,61
Sonny Marler,63
Taron Lexton,58
Eva Vives,59
Lonny Price,62
Sang-ho Yeon,60
Jason Krawczyk,61
Sam Wrench,50
"Sophie Robinson, Lotje Sodderland",69
John Lee,55
Richard Loncraine,43
Sydney Freeland,52
"Ben Bowie, Geoff Luck",56
Jung-woo Park,54
Asghar Farhadi,40
Brandon Camp,47
Alison Klayman,62
Yoo Byung-jae,47
Victor Levin,50
Henry Selick,53
James Ivory,50
Lone Scherfig,40
Mark Dindal,58
Pia Sukanya,47
Yann Gozlan,49
Hoyt Yeatman,61
Lukas Dhont,42
"Michael Simon, Matthew McNeil",47
Stephen Chow,54
Frank W Chen,49
Adrian Teh,48
Florian Henckel von Donnersmarck,44
Steven R. Monroe,53
Buz Wallick,57
Indrasis Acharya,57
Aatmaram Dharne,60
"Sumitra Bhave, Sunil Sukthankar",48
Sunao Katabuchi,50
Kedar Shinde,60
Johan Brisinger,48
Attila Till,64
Mahesh Manjrekar,42
Tim Bartley,59
Robyn Butler,69
John Upchurch,58
Deepika Narayan Bhardwaj,56
"Israel Adrián Caetano, Bruno Stagnaro",49
Girish Joshi,64
Aditya Sarpotdar,41
"Arjun Gourisaria, Moinak Biswas",41
Maria Sadowska,60
Santosh Sivan,54
"Pascal Blanchard, Sonia Dauger, David Dietz",59
Heidi Saman,68
"Peter Middleton, James Spinney",64
Shashilal K. Nair,44
Jayaraj Rajasekharan Nair,49
Partho Sen-Gupta,53
Eric Drath,46
Sam Upton,41
Cathy Garcia-Molina,59
Yang Woo-seok,58
Pan Nalin,46
J.C. Chandor,45
John L. Spencer,44
Victor Cook,60
Devin Chanda,53
Tekin Girgin,51
David Chirchirillo,57
Marianna Palka,50
Dennis Bartok,59
Kenneth Müller,67
Marcel Barrena,42
Burak Aksak,61
Gerard McMurray,55
Muharrem Gülmez,48
Meltem Bozoflu,68
"Selçuk Aydemir, Birkan Pusa",54
Selçuk Aydemir,56
Ömer Faruk Sorak,46
"Ali Taner Baltacı, Cem Yılmaz",48
Sermiyan Midyat,51
Aytaç Ağırlar,51
Yusuf Pirhasan,56
"Clementine Malpas, Leslie Knott",54
Ketche,68
Erol Özlevi,67
Hakan Yonat,55
Olivier Loustau,69
"Yılmaz Erdoğan, Ömer Faruk Sorak",54
Nottapon Boonprakob,65
Perry Lang,59
Nawapol Thamrongrattanarit,66
Xavier Gens,62
Gary Wheeler,47
Ang Lee,65
Tom Edmunds,43
Brant Sersen,45
"Sam Liu, Frank Paur",41
Phil Morrison,68
Paul Katis,69
Matthew Vaughn,62
Jonathan A. Rosenbaum,57
Franck Phelizon,65
Peter Howitt,54
Matthew Atkinson,51
Rajiv Menon,42
Chiwetel Ejiofor,48
Michael Buster,41
"Philip Einstein Lipski, Jørgen Lerdam, Amalie Næsby Fick",41
"Rodrigo Salomón, Pietro Scappini",59
Mark Waters,68
James Toback,58
David Wain,65
Debra Granik,56
Miguel Ángel Vivas,63
Joey Curtis,66
Shikha Makan,57
Haissam Hussain,60
Mitch Gould,58
Kaizad Gustad,45
Clay Porter,65
Mani Ratnam,43
Eeshwar Nivas,52
"Hugues Nancy, Fabien Beziat",69
Indra Kumar,40
Tim Van Someren,51
Shawn Arranha,53
Jonathan Baker,49
K. Subhash,53
V. K. Prakash,48
Manish Tiwary,69
Kranti Redkar,44
Dhilip Kumar,46
Subhash Ghai,62
"Surya S.J., Sunil Kumar Agrawal",45
Samir Karnik,69
"Daniel Lindsay, T.J. Martin",69
Syed Ahmad Afzal,44
RZA,63
Steve Sacks,52
"Mike Fetterly, Steve Sacks",46
Manish Gupta,53
Jeeva,40
K. Gopinathan,41
Lars Büchel,52
Krishna Vamshi,67
Gurudev Bhalla,52
Samar Khan,42
Amit Barot,64
Adarsh Eshwarappa,42
Carlo Padial,47
"Mike Smith, John Paul Tremblay, Robb Wells",47
Julien Seri,58
Bryan Buckley,53
Keerthi,54
Buddhadev Dasgupta,67
Mukul Anand,40
Preston A. Whitmore II,63
Milind Dhaimade,46
Ashish R. Mohan,55
N. Chandra,46
"Volker Arzt, Angelika Sigl",67
Arne Birkenstock,65
Jonathan Taylor,43
Alessandro Pepe,47
Selvamani Selvaraj,64
Vijay Jayapal,47
Matt Wechsler,52
Hernán Belón,40
Harvey Lilley,66
Lev L. Spiro,46
Michael Polish,55
Maria Ripoll,62
Oren Uziel,65
Adam Marino,41
Kurt Wimmer,54
Craig Johnson,45
Jeffrey Walker,69
Ulises Valencia,60
Gabriel Grieco,51
Isabel Coixet,42
Grant Sputore,56
Laxman Utekar,63
Juan Antin,40
Hanno Olderdissen,63
Amar Kaushik,45
Reginald Hudlin,69
"Grant Korgan, Brian Niles",50
Ajay Bahl,50
Kees Van Oostrum,57
Eva Trobisch,49
Tamer Bassiouni,40
Travis Zariwny,55
Corbin Bernsen,63
Shadi Ali,60
Mahmoud Karim,65
Walerian Borowczyk,49
Hani Hamdi,56
Wael Ihsan,51
Amr Arafa,56
Ahmed Al-Badry,58
"Mohammed El-Tahawy, Mohamed Mostafa",54
Philip Marlatt,57
"Scott Mosier, Yarrow Cheney",58
David Gelb,64
David Guy Levy,67
Taika Waititi,58
Saul Dibb,63
Manika Sharma,46
Mathieu Auvray,41
"Limbert Fabian, Brandon Oldenburg",63
Grant Heslov,59
Timothy Reckart,40
Sittisiri Mongkolsiri,40
Kelly Reichardt,46
Robbie Grewal,40
Ted Geoghegan,50
Yayo Herrero,64
Juan Manuel Cotelo,54
Damani Baker,54
"Lyric R. Cabral, David Felix Sutcliffe",55
Alfonso Serrano Maturino,62
"Timo Tjahjanto, Kimo Stamboel",59
Johnnie To,64
Seong-hun Kim,42
"Bo Burnham, Christopher Storer",45
Christopher Nolen,47
Thiagarajan Kumararaja,60
Matt Palmer,64
Rodrigo Triana,54
Federico D'Alessandro,53
Anthony Pierce,58
Mike Mills,56
Kate Horne,63
Roberto Girault Facha,55
Christopher Ray,41
Michel Tikhomiroff,65
Emanuel Hoss-Desmarais,63
Paul Thomas Anderson,68
"Alex Díaz, Marcos Bucay",69
Fredric Lean,57
Bill D'Elia,65
Sujoy Ghosh,62
"Peter Ramsey, Rodney Rothman, Bob Persichetti",49
"Doron Paz, Yoav Paz",64
Svati Chakravarty Bhatkal,67
Justin Kelly,59
Pablo Larraín,61
Liz Garbus,49
Kevin Bray,68
Michael James Regan,69
Aditya Kripalani,62
Seiji Mizushima,43
Sanjay Gupta,56
Myriam Aziza,61
Vivieno Caldinelli,68
Rob Burnett,46
Jay Lyons,61
Drew Casson,50
"Chris Buck, Kevin Lima",61
Charlie Siskel,47
Brian Knappenberger,44
Brian Smith,46
Brent Bonacorso,53
Jennifer Phang,57
"Jesse V. Johnson, Jesse Johnson",49
Gerard Barrett,57
Rene Liu,45
"Geoffrey Orthwein, Andrew Sullivan",43
"Jovanka Vuckovic, Annie Clark, Roxanne Benjamin, Karyn Kusama",44
"Miguel Cohan, Miguel Cohan",57
"Luis Alberto Restrepo, Andrés Beltrán, Jaime Rayo",40
Hideaki Anno,60
Tarek Abdel Moaty,61
"Hideaki Anno, Kazuya Tsurumaki",56
Nitesh Tiwari,66
"Ismail Farouk, Hazem Fouda",65
Khaled Marei,61
"Abhijit Kokate, Srivinay Salian",65
Magdy Al-Hawwary,67
Ahmad El-Badri,41
Antonin Baudry,58
Sherif Mandour,41
"Ken Burns, Lynn Novick",51
Atul Malhotra,43
"Roy Burdine, Johnny Castuciano",47
Scott Moran,63
George Clooney,48
Datta Mohan Bhandare,41
Kieran Darcy-Smith,41
Tom Hooper,67
Salvador Calvo,42
Jun-seong Kim,57
Chris Robinson,53
"Janet Tobias, Claus Wehlisch",67
David L. Cunningham,48
Ed Lilly,49
"Madeleine Parry, Jon Olb",66
Isaac Ezban,65
Anirban Majumder,64
Scott Martin,43
Jeremy Kenyon Lockyer Corbell,57
Sumit Das,54
George Mendeluk,46
Kyle Patrick Alvarez,61
Jon Watts,59
Jakob Lass,43
Jay Bulger,52
Kevin Derek,44
Shazia Javed,48
"John Haptas, Kristine Samuelson",50
Sanjay Jadhav,54
Ahmed El Gendy,59
Vinod Kapri,57
Elías León,62
"Anders Falck, Stinus Morell Vithner",60
"Zoya Akhtar, Karan Johar, Anurag Kashyap, Dibakar Banerjee",55
Oded Raz,56
"Mariana Tschudi, Héctor Gálvez",46
Claire Scanlon,52
Ramón Salazar,54
Eduardo Mendoza de Echave,66
Henrik Martin Dahlsbakken,59
Arun Chidambaram,54
Caio Cobra,51
Tomer Heymann,57
Alex Infascelli,56
Cal Seville,61
Peggy Holmes,56
Bruno Garotti,42
Zachary Heinzerling,41
Abdul Aziz Hashad,56
Mark Ritchie,44
Tarek Al Eryan,65
Hadi El Bagoury,68
Patrik Syversen,41
Michael John Warren,60
Andy Capper,54
Waymon Boone,65
"Phil Johnston, Rich Moore",66
Julie Dash,50
Andrew C. Erin,66
Chang-Min Lee,50
Derek Yee,68
Cristina Jacob,69
Roland Emmerich,46
Jonathan Levine,53
David McCracken,64
Sanjib Dey,56
Ron Davis,48
Barry Avrich,47
Jon Avnet,66
V. Scott Balcerek,54
Richard Kelly,62
Joel Schumacher,69
Peter Chelsom,45
Peter Hutchings,60
Daniel Yee Heng Chan,44
Dennie Gordon,56
Shadab Khan,51
Nattawut Poonpiriya,48
Elvira Lind,62
Davis Guggenheim,66
Gavin O'Connor,59
Jon Turteltaub,69
Felix Starck,60
Robert Kouba,58
Ted Braun,50
Jon Manning,45
Onur Tukel,68
Luis Lopez,49
Saara Cantell,46
Ron Howard,52
Jayaprakash Radhakrishnan,42
Rob Meyer,63
Anita Barbosa,68
Daniel Wilner,44
Lekh Tandon,40
Alberto Rodríguez,60
Jose Manuel Colón,49
David Sington,62
Zoe Berriatúa,52
Luis Estrada,63
Spike Jonze,59
Rob Marshall,61
Lee Eung-bok,68
Karyn Kusama,41
Phyllida Lloyd,45
Leif Tilden,46
Pat Healy,61
"Dustin McKenzie, Andrew Duncan, Audu Paden",48
"Fabio Grassadonia, Antonio Piazza",50
Jody Hill,55
Samu Fuentes,67
Alexandre Espigares,58
Suhas Kadav,60
Dan Harris,55
"Marcelo Altmark, Mariano Mucci, Luis A. Scalella",67
Renny Harlin,49
Amanda Micheli,41
Eric Khoo,58
Gideon Raff,68
"Kang Cheng, Shan Hua",47
Nizar Shafi,53
Víctor García,54
Wilson Coneybeare,49
Note Chern-Yim,52
Poj Arnon,50
"Fernando Sariñana, José Luis Gutiérrez",45
Scott L. Montoya,47
David Blair,48
"Kirk De Micco, Chris Sanders",62
Sian Heder,57
Ted Emery,44
John Wells,57
Meng Hua Ho,66
Tony Datis,69
Vanessa Roth,45
Ben Ryder,68
Jim Strouse,61
Ben Young,52
Kirby Dick,49
Raymond Wood,62
Jorge M. Fontana,56
Olivier Afonso,44
James Woodroffe,40
Rachel Bell,52
David Leveaux,42
Sebastián Schindel,40
Kyle Newman,59
Alex Garland,58
Keanu Reeves,41
"Anna Boden, Ryan Fleck",57
William Monahan,49
Piti Jaturaphat,53
Atom Egoyan,64
John Maclean,50
James Ponsoldt,53
Tanit Jitnukul,54
Atsajun Sattakovit,60
Sukum Maetawanitch,52
Tiffanie Hsu,65
Daniel Gray Longino,68
Nick Gomez,65
"Karim Amer, Jehane Noujaim",68
Daniel Calparsoro,41
Kasper Collin,44
Brandon Dickerson,69
William Friedkin,58
Paul Andrew Williams,61
"Byron Howard, Chris Williams",52
Benny Chan,40
"Jay Karas, Demetri Martin",57
Chi Keung Fung,61
"Corey Yuen, Patrick Leung",64
To-hoi Kong,57
Jeff Baena,62
"Andrew Lau Wai-Keung, Andrew Loo",68
Michael Gallagher,66
"Hassan Hegazy, Shady Ali",52
Chris Jenkins,67
Alexandre Avancini,54
Ziga Virc,55
Sam Voutas,44
Alexander Nevsky,42
Frank Ariza,61
Jacob Schwab,46
Alphonso J. Wesson,50
Lenny Abrahamson,40
Julius Avery,63
Peter Sullivan,40
Destin Daniel Cretton,41
Alexis Morante,55
"Kobun Shizuno, Hiroyuki Seshita",42
Fazila Allana,51
Eric Abrams,51
Peter Svatek,65
Hiromasa Yonebayashi,46
Agustí Villaronga,52
"Kristina Goolsby, Ashley York",63
Nisheeta Keni,41
"Harvey Glazer, Stuart Stone",57
Peyton Reed,61
"Ron Clements, John Musker",44
Chris Stokes,67
Steven Fine,69
Roman Coppola,55
Denis Villeneuve,66
Alejandro Doria,57
Heber Cannon,55
Sally Potter,64
Clay Glen,54
Steven Knight,62
Ana Quiroga,62
Harmony Korine,56
Jean-Cosme Delaloye,49
Natalia Garagiola,68
Pamela Romanowsky,42
Jonathan Glazer,57
Esteban Crespo,69
Anil Sharma,41
Ganesh Kadam,51
"Anthony Scott Burns, Nicholas McCarthy, Adam Egypt Mortimer, Gary Shore, Kevin Smith, Sarah Adina Smith, Scott Stewart, Kevin Kolsch, Dennis Widmyer",68
Ticoy Rodriguez,69
Karl Mueller,48
Philipp Stölzl,59
Michael Curtiz,51
Florian Gallenberger,41
Harry Chaskin,46
Jeff Orlowski,62
Marti Noxon,57
Allan Ungar,51
Patrick Brice,59
Christophe Honoré,69
David M. Rosenthal,57
Scott Zabielski,69
Diego Cohen,45
"William Eubank, Will Eubank",69
John Dower,40
Gerardo Olivares,61
Mark Harris,46
Wi Ding Ho,62
Thomas Sieben,52
Joe Lynch,65
Noam Murro,56
Andreas Pichler,58
Neslihan Yesilyurt,40
Daniel Arasanz,57
Joseph Martin,54
"Chapman Way, Maclain Way",57
Sylvie Verheyde,54
Kasper Barfoed,55
Phil Joanou,45
Courtney Hunt,49
Iain Softley,46
Jonathan Hensleigh,69
M. Night Shyamalan,56
Richard Greenberg,69
Nathan Morlando,59
George C. Wolfe,42
Rushmore DeNooyer,41
Martin Gorst,47
Giulia Clark,55
Sarah Holt,58
Terri Randall,60
Doug Hamilton,69
Peter Fison,63
Graham Townsley,58
"Paula Apsell, Kirk Wolfinger",49
Oliver Twinch,65
Llewellyn M. Smith,49
Daniel McCabe,68
Peter Yost,40
Tom Stubberfield,63
"Noel Dockstader, Quinn Kanaly",60
Gail Willumsen,60
Andy Fickman,40
Barry Levinson,58
"Max Lang, Jani Lachauer",57
"David Allensworth, Monière",51
Todd Phillips,41
Ann Deborah Fishman,52
Dominic Sena,66
Ryu Jung-woo,60
Matthew Shoychet,48
"Albert Hughes, Allen Hughes",59
Rob Minkoff,52
Andrew Fleming,63
Shawn Levy,53
Lijo Jose Pellissery,69
Raj Kaushal,60
Noushad,64
Anuranjan Premji,52
Jason Bourque,52
Johnson Esthappan,41
K.C. Bokadia,57
Greg MacGillivray,44
Miguel Arteta,55
P.K. Baaburaaj,40
Vineeth Anil,49
Katherine Brooks,62
Jayan Vannery,55
Bob Odenkirk,55
Samir Soni,46
Chandran Narikode,67
Gafoor Y. Elliyaas,55
Dileep Narayanan,49
Paritosh Painter,43
Venugopan,54
Jay Chou,43
Imtiaz Ali,65
Juan Antonio de la Riva,69
Jenée LaMarque,58
Michael Radford,55
"Heber Cannon, Mariah Moore, Marston Sawyers",49
Saheed Arafath,57
Jeffrey Nachmanoff,49
P.T. Kunju Muhammad,47
Huang Lei,65
"Bert Marcus, Cyrus Saidi",64
Shlok Sharma,69
Adam Deyoe,54
Nicolas Brossette,59
Serdar Akar,41
Castille Landon,40
Martin Hodara,43
Doesjka van Hoogdalem,44
Rod Blackhurst,45
Asim Raza,44
Sushil Majumdar,68
Geetu Mohandas,69
Paulo Oriol,49
Li Jun,53
Bilal Lashari,69
Yasir Nawaz,68
Oskar Santos,56
"Anders Sømme Hammer, Marius Arnesen, Klaus Erik Okstad, Olav Njaastad",53
Felix Thompson,51
Ishaya Bako,67
"Ola Flyum, David Hebditch",46
Benny Fredman,67
"Hemant Gaba, Pratim D. Gupta, Sudhish Kamath, Nalan Kumarasamy, Anu Menon, Sandeep Mohan, Qaushiq Mukherjee, Rajshree Ojha, Raja Sen, Abhinav Shiv Tiwari, Suparn Verma",48
Ivona Juka,47
Mark Sloper,40
Kunal Kohli,58
Bryan Bertino,43
J. Michael Long,50
Milind Rau,50
Nick Broomfield,63
David Lowery,61
"Aaron Hancox, Michael McNamara",46
Noor Imran Mithu,65
Paakhi Tyrewala,68
Barbara Kopple,60
Babak Anvari,52
Sandy Chronopoulos,67
Emily Hagins,46
Eric Juhola,63
Greg Richardson,44
Dharmendra Suresh Desai,66
Iman Brotoseno,58
Anggy Umbara,58
Garin Nugroho,67
Sridhar Jetty,61
Clive Tonge,66
Nonzee Nimibutr,43
Masaaki Yuasa,62
"Mahin Ibrahim, Austin Kolodney, Will Lowell, David Beier, Dave Dorsey, Xu Zhang, Alana Waksman, Jon YonKondy, Drue Metz, Brandon Somerhalder",58
José Eduardo Belmonte,59
Hans Petter Moland,62
Uwe Boll,64
Ísold Uggadóttir,48
Lorena Munoz,55
Genevieve Nnaji,59
Mitch Schauer,68
Terry Loane,42
Mamat Khalid,51
Maria Demeshkina Peek,66
Pang Ho-cheung,66
Mario Mattei,55
Selima Taibi,69
Alejandra Márquez Abella,69
Amarjit Virdi,45
Kamal Sahani,45
"Dan Kwan, Daniel Scheinert",58
Brad Bird,61
Fred Durst,66
Marty Callner,65
"William Lau, Sylvain Blais",43
Yibrán Asuad,48
John Hughes,46
Luke Sparke,43
Wim Wenders,60
Nishil Sheth,65
Byun Hyuk,69
"Javier Ambrossi, Javier Calvo",57
Peter Nicks,55
Sébastien Betbeder,67
Adam Bhala Lough,66
Faozan Rizal,62
Mansore,47
Kuntz Agus,68
"Hanung Bramantyo, Meisa Felaroze",62
Adam Randall,56
Michael McKay,50
"Alexandre Heboyan, Benoît Philippon",61
"Laura Alvea, José Ortuño",63
Kim Seong-hun,51
Gastón Duprat,64
Isaac Florentine,49
Marco Dutra,56
Genndy Tartakovsky,62
"Andy Caballero, Diego Corsini",42
July Hygreck,41
Paul Shoulberg,57
Greg Whiteley,51
Seren Yüce,48
Jorge Blanco,47
Law Wing-cheong,65
Dash Shaw,55
Mario Rouleau,64
"Santiago Diaz, Pablo Martin Farina",42
Ahmed Khaled Moussa,61
Néstor Sánchez Sotelo,55
Aniruddha Roy Chowdhury,59
Chester Tam,62
Mohit Suri,45
"Terry Gilliam, Terry Jones",51
Jon Schnitzer,50
Craig Elrod,49
"Benjamin Cohen, Nicolas Cotto",56
Mike Rossiter,55
"Matt Angel, Suzanne Coote",55
Chris McCoy,45
Sofia Coppola,49
Jonathan Helpert,65
André D'Elia,43
Ivan Ayr,48
Chris Baugh,62
Jenny Carchman,45
Tyler Perry,47
G.J. Echternkamp,54
Jehane Noujaim,68
Caryn Waechter,65
Nicholas Stoller,51
Tim Hill,58
Numa Perrier,43
Brian Helgeland,55
Yoshiyuki Momose,42
"Colin Strause, Greg Strause",44
"Ethan Coen, Joel Coen",52
Jean-Marc Vallée,40
Marc Abraham,45
Steve Barker,68
Rima Das,61
Paco Plaza,41
Andrew Goth,46
Jeffrey G. Hunt,44
William Kaufman,69
Marek Kanievska,51
Skye Borgman,46
Hashim Nadeem Khan,53
Mohsin Ali,55
Svetlana Cvetko,44
Sarjun,62
Alejandro Lozano,58
Michael Civille,46
Feroz,46
Syed Atif Ali,63
Lee Seung-won,54
Rik Reinholdtsen,56
"Stephanie Soechtig, Jeremy Seifert",50
John Asher,57
M.J. Isakson,47
Matt Toronto,44
Michael Roberts,45
Noah Moskin,51
John H. Lee,40
"Ajay Bhuyan, Kunal Kohli",68
Rhiannon Bannenberg,53
Bin Bunluerit,65
Jennifer Brea,51
Pradeep Verma,47
Hannes Stöhr,60
Marty Stalker,52
Daniel Noah,50
Andreas Prochaska,53
Maximilian Erlenwein,52
John Carchietta,48
Burhan Qurbani,44
"David Benioff, D.B. Weiss",48
Patryk Vega,60
Charles Officer,54
Peter Sattler,66
Marcelo González,57
Zach Clark,46
N.D. Wilson,61
Sean Penn,55
Gauravv K Chawla,62
David O. Russell,46
Kleber Mendonça Filho,40
Hubert Woroniecki,57
Alistair Legrand,41
Steve Boettcher,45
Julian Jarrold,61
Quinn Lasher,43
David Mrnka,62
"John Mikulak, Joshua Brown",68
Maya Forbes,61
Choi Jin-seong,64
Ira Sachs,61
Mir-Jean Bou Chaaya,67
Peter Hewitt,41
Dan Villegas,46
Bent-Jorgen Perlmutt,58
Hugo Stuven,44
Greg Pritikin,67
Amman Abbasi,67
Tom Green,40
Mike Gunther,53
Fred Olen Ray,65
Johannes Roberts,47
Heitor Dhalia,60
Jeannie Gaffigan,58
Robert Luketic,69
Mark Rosman,65
Sarah Smith,61
Edwin,43
James L. Brooks,54
Vadim Jean,41
Nicholas Hytner,42
Tim Burton,63
Ken Hughes,42
"Fernando Meirelles, Katia Lund",58
Matt Reeves,50
Thomas Carter,40
Jay Roach,50
Mike Newell,54
Colin Teague,62
Doug Lefler,57
Paul W.S. Anderson,65
James Wong,59
Simon Wincer,54
Marcus Nispel,55
"Mark A.Z. Dippé, Kyung Ho Lee",61
"Mark A.Z. Dippé, Eondeok Han",65
Mark A.Z. Dippé,68
Mark Steven Johnson,55
"Anurag Kashyap, Dibakar Banerjee, Karan Johar, Zoya Akhtar",49
Danny Leiner,57
Christopher Nolan,54
Eugenio Derbez,59
John A. Davis,56
Nora Ephron,59
James Mangold,65
"Peter Farrelly, Bobby Farrelly",60
Gary Fleder,59
Luis Valdez,65
Zack Snyder,43
Duncan Jones,69
Howard Zieff,57
Justin Webster,59
Guillermo del Toro,47
Oren Peli,43
Tetsuo Yajima,62
John Lyde,46
Steve Rash,50
Keenen Ivory Wayans,60
John Stockwell,64
Gregg Bishop,40
Chris Koch,57
Baz Luhrmann,51
Michael Pressman,59
Steve Barron,41
Andrew Douglas,47
Jay Chandrasekhar,65
Robert Berlinger,45
"Ricky Gervais, Matthew Robinson",66
Peter Jackson,69
Martin Campbell,40
Mimi Leder,50
Gore Verbinski,60
Anthony Minghella,57
Ron Underwood,65
S.S. Wilson,50
Brent Maddock,69
Henry Hathaway,68
Robert Zemeckis,69
Mel Stuart,63
Lawrence Kasdan,67
Nicole Conn,49
Julie Taymor,54
Alejandro G. Iñárritu,58
Yanyong Kuruaungkoul,61
Ridley Scott,62
Joe Roth,66
Mark Landre Gould,47
Lori Kaye,67
William H. Macy,45
Massy Tadjedin,41
Guy Ritchie,56
Lenin Bharathi,65
James Foley,41
Kunihiko Yuyama,55
Ranjit Jeyakodi,63
Ram,65
Mark Herman,44
Ben A. Williams,67
Stephen Daldry,63
John Fortenberry,43
Chandrakant Kulkarni,63
Uttung Shelar,45
Greg Kohs,42
Lisa Arnold,54
Bedabrata Pain,51
Reiner Holzemer,63
Nagraj Manjule,46
Bob Rose,58
Abba T. Makama,56
"Joe Dietsch, Louie Gibson",65
Chris Sivertson,68
Amar Gupte,65
Sooraj R. Barjatya,55
Sachin,42
Amardeep Singh Gill,43
Jon M. Chu,46
Pratim D. Gupta,54
Ben Patterson,58
Santosh Manjrekar,52
"Steve Ball, Andrew Duncan",66
Dustin McKenzie,69
"Victor Dal Chele, Alfred Gimeno",67
"Dustin McKenzie, Steve Sacks",62
"Kiki Goshay, Jacqueline Monetta",45
Peter Pardini,65
Lars von Trier,56
Rebecca Zlotowski,63
René Pérez Joglar,50
Rajeev Patil,54
Sudesh Manjrekar,61
Kevin Phillips,48
Jee-woon Kim,59
Satish Manwar,42
Alison MacLean,48
David Koepp,41
Dan Bush,62
Sam Hobkinson,56
Karan Bali,56
Rohit Mittal,61
"Steve Hickner, Simon J. Smith",49
Matt Kugelman,43
Hari Viswanath,66
Pieter-Jan De Pue,61
Miriam Chandy Menacherry,64
"Edward Ellis, Flor Salcedo, Aaron Woolf",41
Abhishek Chaubey,69
Jerry Rothwell,52
"Charlie Haskell, Koichi Sakamoto",44
James Barr,51
Sorin Dan Mihalcescu,68
Harold Cronk,45
"Roberta Grossman, Sophie Sartain",45
David Bruckner,57
Tamta Gabrichidze,66
Ari Sandel,68
Caradog W. James,45
Tom Stern,63
Kelly Duane de la Vega,47
Julio Medem,49
Deane Taylor,69
Luis Javier M. Henaine,44
"Mathias Malzieu, Stéphane Berla",61
Jenna Laurenzo,58
"Scott Aukerman, Akiva Schaffer",44
Hark Tsui,52
Bob Nelson,55
Trevor Ryan,41
Michael Showalter,47
Stephen Cone,42
Julius Onah,56
Jordan Ross,48
"Krishna Agazzi, Filippo Gastaldi",60
Alison E. Rose,51
Roland Joffé,50
Craig Moss,46
"Wade Allain-Marcus, Jesse Allain-Marcus",65
Malik Vitthal,41
"Vonda Harrell, Daniel Camenisch",66
"Fabio Guaglione, Fabio Resinaro",48
Carlos Vermut,47
Shaina Allen,51
Joey Kern,42
Hong-seon Kim,57
Lilibet Foster,42
"Seth Barrish, Mike Birbiglia",50
J.C. Falcón,54
Sridhar Rangayan,63
"Saw Teong Hin, Nik Amir Mustapha, M.S. Prem Nath",61
Abhinay Deo,46
Jesse Peretz,67
Michael Blieden,42
Sherwin Shilati,63
"Mark Columbus, Lauren Hoekstra, Sarah Kruchowski, Ryan Moody, Simon Savelyev, Vanita Shastry, Shadae Lamar Smith, Jeremy David White",67
Dejan Zečević,48
Pascale Lamche,60
Lô Politi,40
Yuen Wo-Ping,68
Joshua Oppenheimer,54
Charles Martin Smith,69
Pawan K Shrivastava,46
Tomas Portella,63
"Kazuchika Kise, Masahiko Murata",61
Kazuchika Kise,46
Macon Blair,52
Mar Targarona,61
Steven Gomez,48
"Robert Cannan, Ross Adam",58
Aruna Raje,41
Alex Lehmann,43
Elisabeth Vogler,59
Brian A. Miller,43
Adam Smith,51
Ken Burns,48
Benjamin Ree,44
Susannah Ward,51
Sam Taplin,40
Kasia Uscinska,64
Vicky Matthews,41
Woo Min-ho,66
"Femi Oyeniran, Nicky Slimting Walker",49
Hang-Jun Jang,61
Kurt Voelker,67
Constance Marks,58
Paul Miller,44
Michael Del Monte,61
Andreas Johnsen,48
Nora Twomey,66
Chris Blake,61
Johnny Kevorkian,50
Amshan Kumar,67
David L.G. Hughes,45
Ildiko Enyedi,68
You-Jeong Chang,45
Richard Bates Jr.,57
Steve McLean,49
Gregory Caruso,43
Benjamin Arfmann,43
Fumihiko Sori,41
Shin-yeon Won,59
Keith Scholey,43
Juan Pablo Buscarini,43
"Keiichi Sato, Yasushi Kawamura",48
Chad Van De Keere,43
Suseenthiran,54
Lucky McKee,48
Cecilia Peck,62
Sanjeev Gupta,41
Paul Tanter,55
Matt Tyrnauer,56
Stephan Rick,46
Mariano Baez,65
Stephanie Laing,57
Logan Kibens,51
"Leo Riley, Eric Radomski",57
Vincent Perez,40
Carlos Marques-Marcet,63
Prasanth Varma,52
Gangadhar Salimath,40
Daniel J. Clark,66
Shanawaz Nellikunnil,58
Danny J. Boyle,57
Rajat Kapoor,53
Lars Kaalund,46
Hari Nath,41
Josh Webber,42
"Adam Collins, Luke Radford",48
Saket Chaudhary,64
Tanuja Chandra,54
"Jackie van Beek, Madeleine Sami",51
Blair Hayes,50
Sachin Kamlakar Khot,52
Tolga Örnek,67
Daniel Monzón,69
Sung-soo Kim,57
Chandrakant Kanse,53
"Sudesh Manjrekar, Atul Kale",54
Avadhoot Gupte,62
Sanjay Soorkar,69
Thomas Stuber,49
Christopher Chambers,46
Giulio Base,55
"Sam Dunn, Scot McFadyen",51
Raúl Arévalo,55
Matías Bize,40
Alex Holmes,48
Tanuj Chopra,48
Bo Burnham,50
Anand Tiwari,64
Michael Paul Stephenson,66
Colin Dench,56
Jesús Magaña Vázquez,59
Corey Grant,49
"Shaul Schwarz, Christina Clusiau",58
Rayka Zehtabchi,57
"Jevons Au, Zune Kwok, Chow Kwun-wai, Ng Ka-Leung, Wong Fei-Pang",59
Olivier Assayas,69
Jeremiah Zagar,50
Afonso Poyart,45
Ricky Gervais,54
"Joachim Fest, Christian Herrendoerfer",48
"Joe Berlinger, Bruce Sinofsky",50
"Adam Davis, Jerry Kolber, Trey Nelson, Erich Sturm",47
"Chris Weitz, Paul Weitz",66
Brad Peyton,61
"Hsu Chih-yen, Mag Hsu",67
Emma Hatherley,61
Meghna Gulzar,43
Eddie Martin,56
Kelly Noonan,55
Rick Morales,52
"Andrew Tan, Stephen Murray",41
Michael Winnick,42
Kelly Fremon Craig,42
Kyle Rankin,41
Pramod Pawar,49
Dan Gilroy,40
Rebecca Harrison,68
"Milla Harrison-Hansley, Alicky Sussman",64
Storm Theunissen,47
Fisher Stevens,41
Neil Triffett,60
Tom O'Dell,61
John Trengove,58
Ui-seok Jo,47
Michael Mayer,61
Amber Tamblyn,61
"Jani Lachauer, Jakob Schuh",41
Marina Zenovich,41
Carlos Bolado,41
Gurvinder Singh,47
Rohit Shetty,41
Anjali Nayar,62
Farah Khan,51
Joaquín Mazón,41
Adam Sjöberg,59
John Stewart Muller,61
"Leandro Mark, Nicolás Silbert",45
Pulkit,63
Jennie Livingston,58
"Oscar Micheaux, Spencer Williams, Richard E. Norman, Richard Maurice",62
Jonás Trueba,64
Peter DeLuise,53
Robbie Countryman,64
Jason James,60
Nic Mathieu,59
"Gary Howsam, Mike Smith, John Paul Tremblay, Robb Wells",40
Pierre Morel,63
Sujeeth,53
"Agasyah Karim, Khalid Kashogi",60
Jonathan Sobol,61
"Rudy Soedjarwo, Riri Riza",62
Kiran Rao,67
David E. Talbert,52
Abbas Tyrewala,65
Bhagyaraj,45
"Anusha Rizvi, Mahmood Farooqui",41
Aamir Khan,59
Baltasar Kormákur,40
Chris Kelly,68
Karey Kirkpatrick,55
Marco Risi,43
Anne Fletcher,51
Marek Losey,61
Andy Serkis,54
Mat King,46
Brian Oakes,59
Jacob Joice,57
Bert Marcus,65
Drew Heriot,56
BB Sasore,67
Pascal Amanfo,51
Atsuko Ishizuka,46
Eric Aghimien,68
"Robert Kenner, Taki Oldham",55
Bruce Robinson,57
Joel Crawford,55
Roman Gackowski,55
Benjamin Dickinson,48
Mads Matthiesen,63
Simon Baker,46
Fernando Moro,46
Kasra Farahani,46
Ladislas Chollat,57
Michael Mason,63
Ofir Raul Graizer,59
Sacha Wolff,65
Ravi Babu,51
Sandeep Chatterjee,66
Shivam Nair,41
Soumitra Ranade,64
Manmohan Desai,64
Manish Jha,62
Raja Menon,43
Hrishikesh Mukherjee,55
Sagar Sarhadi,54
Jon Rosenbaum,67
Raj Kapoor,67
David Carson,68
Tom Holland,44
Tanveer Khan,51
Chandra Barot,49
Ajay Phansekar,54
Partho Ghosh,63
David Mirkin,51
Prakash Mehra,66
Bruce Leddy,61
Shirish Kunder,51
Radhu Karmakar,55
Ahishor Solomon,43
Tinnu Anand,62
Sai Paranjape,46
Gulzar,47
Remy Kohli,63
Shekhar Kapur,49
Karan Lalit Butani,52
Abhishek Saxena,65
Basu Chatterjee,45
Sanjay Dayma,66
John Milius,53
Amit Rai,52
Raman Kumar,52
Balu Mahendra,45
Raj N. Sippy,63
Tariq Khan,54
Michael Apted,40
Roger Spottiswoode,56
Sanjay Patel,42
Ashu Trikha,47
Kushal Srivastava,49
Chandra Prakash Dwivedi,51
Chris Bould,61
"Kevin Booth, David Johndrow",51
Paul M. Green,48
Julio Fernández Talamantes,55
Walter C. Miller,54
Tommy Avallone,54
Ellen Brown,56
Matt Askem,46
Rob Zombie,47
"Gary Cohen, Ross Hockrow",50
"Fabien Beziat, Hugues Nancy",55
Nils Tavernier,44
Alethea Jones,58
Guy Vasilovich,40
Rich Ragsdale,55
"Dana Doron, Uriel Sinai",46
Hidetaka Inazuka,66
James Brown,43
Paul Schrader,64
Diego Luna,46
Brittany Andrews,69
Tim Blake Nelson,44
André Øvredal,64
Jay Baruchel,64
Rodrigo Van Der Put,40
John Michael McDonagh,66
Theo Davies,62
Benoît Jacquot,63
Fernando Frías De La Parra,51
John Hillcoat,52
"Måns Mårlind, Björn Stein",62
Ludovic Bernard,69
Jason Moore,57
Yuki Yamato,45
Álvaro Brechner,69
Levan Tsikurishvili,65
Rakesh Mehta,44
Mat Whitecross,65
Gonzalo Bendala,53
"Stefan Aust, Dirk Laabs",46
Biyi Bandele,63
Andrew Wessels,65
Emir Kusturica,64
Chris Renaud,68
Odunlade Adekola,50
Jason Stone,60
Detlev Buck,46
Luis Prieto,58
Elisa Fuksas,46
Vic Armstrong,64
Lee Toland Krieger,63
Noël Wells,46
"Marc Francis, Max Pugh",55
Alik Sakharov,67
Tony Giglio,64
"Akiyuki Shinbo, Nobuyuki Takeuchi",64
Ron Oliver,66
"Shojiro Nishimi, Guillaume Renard",59
J.D. Dillard,50
"Anthony Russo, Joe Russo",41
Michael Petroni,68
Erik Nelson,62
"Ritu Sarin, Tenzing Sonam",66
Pepe Bojórquez,47
Daniel Kontur,40
Jorge Michel Grau,53
"Riki Lindhome, Jeremy Konner",52
Ross Boyask,64
Bruce Beresford,66
Louise Alston,45
Sunkanmi Adebayo,63
Kheiron,53
Susanne Bier,41
Irek Dobrowolski,65
Josh Mendoza,40
Diego Kaplan,66
Ari Levinson,51
George Ford,64
Falz,64
Fernando Meirelles,40
Hasraf Dulull,53
Gilbert Chan,48
Rarecho,46
Steve Cheng,69
Sam Loh,52
Jason Lai,62
"Marco Deufemia, Justin G. Dyck",65
Lydia Tenaglia,55
Thomas Astruc,69
Pablo Parés,45
David Grossman,57
Mario Cambi,67
Luc Vinciguerra,65
Ahsan Rahim,62
Yorgos Lanthimos,55
Michael Barrett,53
Adam Nimoy,40
Elizabeth Wood,66
Rodrigo Reyes,66
Samit Kakkad,69
Kenny Young,43
Peter Orton,52
Emil Ben-Shimon,48
Julia Hart,51
Mark Lewis,41
"Joel Gallen, Tig Notaro",66
Rob W. King,44
Ian MacAllister-McDonald,63
L. Frazier,49
"Paul Reubens, Wayne Orr",69
Sebastian DiNatale,60
Prasobh Vijayan,61
Ekachai Uekrongtham,44
Jay Surridge,67
"Jayson Thiessen, Ishi Rudell",69
Steve Antin,46
"Nuhash Humayun, Syed Ahmed Shawki, Rahat Rahman, Robiul Alam Robi, Golam Kibria Farooki, Mir Mukarram Hossain, Tanvir Ahsan, Mahmudul Islam, Abdullah Al Noor, Krishnendu Chattopadhyay, Syed Saleh Ahmed Sobhan",46
Brendon Marotta,52
Sriram Raghavan,62
"Elaine Bogan, John Sanford",44
Michael Cuesta,48
David Cronenberg,67
Thom Zimny,50
James Marsh,57
Gordon Chan,47
Vikram Gandhi,62
Sean Hanish,50
David Shisgall,40
Mark Williams,41
Karan Anshuman,41
Obi Emelonye,69
Farhan Akhtar,67
Zoya Akhtar,58
Mrighdeep Singh Lamba,43
Reema Kagti,42
Brodje Wemboendja,44
Jadesola Osiberu,57
Vijay Lalwani,68
Shirley Frimpong-Manso,60
"Hiroshi Aoyama, Kazumi Fukushima, Jim Stenstrum",60
Phil Roman,57
Téo Frank,67
Sean Olson,60
Sigrid Andrea Bernardo,49
Guillermo de Oliveira,49
Elliot Hegarty,46
Manoj Beedha,46
Vikram Bhatt,58
Jody Lambert,44
Agnidev Chatterjee,48
Todd Standing,52
Marc Levin,51
Manbhavan Singh,51
Pa. Ranjith,57
Ignacio López Escrivá,66
Rahat Kazmi,68
Nicholas Kharkongor,48
Varun Narvekar,51
Seth Henrikson,65
"Devaki Singh, Luke Kenny",61
Benson Lee,46
Antonio Serrano,60
Chris Burkard,40
Sinan Akkuş,44
Matt Bell,40
Hardik Mehta,67
Ehtesham Uddin,40
Elite Zexer,54
Pedro Morelli,44
John Banas,67
Wim Bonte,45
"Bruce MacDonald, Gabriel Sabloff",40
Mike Nicoll,51
Robert O. Peters,48
Bunmi Ajakaiye,54
Biodun Stephen,49
M.J. Bassett,51
Ding-Lin Wang,43
Richard van't Riet,66
"John Hoffman, Nanfu Wang",43
Michael Winterbottom,63
"Jean-Pierre Dardenne, Luc Dardenne",65
Gurinder Chadha,60
Gabriela Cowperthwaite,53
Josh Greenbaum,59
Shonali Bose,48
Adam Alleca,61
Craig Anderson,58
Michael G. Kehoe,46
Hiroshi Katagiri,46
Ivan Sen,46
"Anthony Caronna, Alexander Smith",65
Jeffrey C. Bell,60
Michelle Johnston,55
Vijay Kumar Arora,46
Matt Shakman,42
Serge Ou,56
Gaurav Bavdankar,54
David Raynr,55
Jagdeep Sidhu,60
Malik Bendjelloul,55
Jamie M. Dagg,45
Tanawat Aiemjinda,43
"Brendan Malloy, Emmett Malloy",68
Mukesh Vohra,62
"Syrine Boulanouar, Nekfeu",65
Tudor Giurgiu,66
Andrew Lau Wai-Keung,68
Cheang Pou Soi,56
Enrique García Meza,54
Katarina Launing,58
"Gabriel Clarke, Torquil Jones",50
Lawrence Cheng,40
Prakash Balwant Saini,52
Nam Ron,56
"Leung Lok Man, Luk Kim-ching",59
Jazz Boon,67
Felix Chong,44
Dhanush,40
Gary Mak,53
Liu Jiang,55
"Blake Harris, Chris Bouchard",63
"Evan Spiridellis, Jeff Gill",59
Jasbir Bijendra Bhati,58
Tristan Ferland Milewski,68
Harjit Singh,69
"Jon Carey, Adam Darke",60
Jennifer Lynch,45
Leopoldo Aguilar,65
"Nana Ekvtimishvili, Simon Gross",54
Olivier Jean-Marie,49
"Daniel Mann, Joseph Sargent",62
Ashish R. Shukla,49
Peter Spirer,57
Ali F. Mostafa,46
"Myles Kane, Josh Koury",44
Robert McCullough Jr.,59
Shrihari Sathe,55
Ralph Macchio,40
Ricardo Maldonado,50
Vetrimaaran,56
Chad L. Scheifele,63
Linas Phillips,55
Jeff Margolis,55
Einar Gabbassov,51
Bauddhayan Mukherji,40
Mark Risley,56
"Ishi Rudell, Jayson Thiessen",50
"Susan Lambert, Stefan Moore",67
Tim Johnson,68
Robert Moresco,67
Aadish Keluskar,62
"Joe Murray, Cosmo Segurson",42
Jesse Moss,65
Michael Fahey,60
Alejandro Montiel,60
Ian Cheney,53
Jesse Gustafson,61
Shin Won-ho,58
Nancy Schwartzman,42
Darren Lynn Bousman,68
John Papola,53
Osman Ali,53
Rolfe Kanefsky,51
Billy Corben,56
Joe DeMaio,44
Rob Silvestri,51
Alex Burunova,46
Jesús Torres Torres,66
Matthias Hoene,65
Chris Nahon,50
Ringo Lam,63
Alex Coletti,41
Mark Osborne,54
Christian De Vita,62
Abhishek Varman,57
Sabir Khan,64
Nikhil Nagesh Bhat,54
"Xiaoxing Yi, Yoshitaka Takeuchi, Haoling Li",50
Bryan Fogel,63
Fabrice Du Welz,54
Wong Jing,67
Mateo Gil,44
"Rémy Four, Julien War",69
Jota Linares,48
"Will Lockhart, Cole D. Pruitt",65
Erwin van den Eshof,54
Lauren Miller Rogen,64
Joseph Mbah,68
Wagner de Assis,46
Robert Adetuyi,46
White Trash Tyler,45
Van M. Pham,62
Gaby Dellal,52
Chris Bell,58
John Barnard,63
Philip Yung,46
Sarah Adina Smith,64
Aaron Burns,66
Abdellatif Kechiche,44
Christopher Louie,44
Tim Rouhana,41
Ana Kokkinos,43
Jordan Brady,69
Keiko Yagi,49
Cate Shortland,58
Adam Wingard,40
Mohd Khairul Azri Bin Md Noor,51
Daniela Goggi,48
Toby Haynes,68
Yeung Yat-Tak,69
Keith L. Smith,41
Todd Biermann,46
Patrick Graham,47
Han Qing,51
Ian Edelman,47
"Randall Lobb, Robert McCallum",53
Rai Yuvraj Bains,56
Sunil Thakur,47
Muh Chen,57
Saurabh Sinha,62
Ari Folman,53
Bassam Kurdali,45
Brian O'Malley,54
Michael Seater,46
"Steven Bognar, Julia Reichert",68
Ashwin Saravanan,61
Jun Lana,44
Ashwiny Iyer Tiwari,62
Atlee Kumar,41
Ravi Udyawar,52
R. Balki,58
Shree Narayan Singh,51
Salima Koroma,64
Woo Ming Jin,60
Shamyl Othman,58
Michael Mazzola,66
Julia Knowles,45
Scott Marshall Smith,68
Dean Wright,65
Camille Shooshani,58
Lesli Linka Glatter,62
Vijay Kumar,47
"Vikas Bahl, Nitesh Tiwari",61
Michael Thelin,62
Khalid Mohamed,58
Sanjay Leela Bhansali,47
Punit Malhotra,69
Prem Soni,48
Clarence Yiu-leung Fok,43
Prabhu Deva,51
Mandeep Kumar,41
Michael Drumm,59
"Fabrizio Copano, Augusto Matte",55
Esteban Vidal,45
Liu Jie,61
Ding Sheng,60
Justin Krook,52
"Gervasio Iglesias, Alexis Morante",40
Will Gluck,42
Tommy Wirkola,52
Michael Carney,67
Manuel Martín Cuenca,46
Y. Joon Chung,64
Mark Murphy,52
Tarsem Singh,40
Michael Tiddes,53
Kepa Sojo,51
Chia-Liang Liu,63
Sze Yu Lau,56
Li Pei-Chuan,63
Anthony Chan,47
"Siu-hung Chung, Wong Jing",61
Chia Tang,43
Alex Law,69
Herman Yau,56
Johnny To,57
Zach Braff,45
"Rajiv Chilaka, Binayak Das",44
"Cho Li, Chen Hung-yi, Weica Wang, Liu Bang-yao, Lin Guan-fu, Shen Chi, YC Tom Lee",54
Kyle Rideout,46
"Gajendra Ahire, Viju Mane, Girish Mohite, Ravi Jadhav",58
Rucha Humnabadkar,61
Scott Cooper,49
Matthew Salleh,63
Nathaniel Warsh,63
Anthony Wonke,52
Ashim Ahluwalia,60
"Robert Nixon, Fisher Stevens",57
Manu Ashokan,49
James Lee,60
Anita Udeep,43
Alberto Arnaut Estrada,52
Barak Goodman,61
Max McGill,43
